Currency,Date,Rate
AED UAE Dirham,1990,0.7806721666666666
AED UAE Dirham,1991,0.778778
AED UAE Dirham,1992,0.7348873333333333
AED UAE Dirham,1993,0.6795752500000001
AED UAE Dirham,1994,0.7315671666666667
AED UAE Dirham,1995,0.7410150833333332
AED UAE Dirham,1996,0.7827774999999999
AED UAE Dirham,1997,0.7435832499999999
AED UAE Dirham,1998,0.6296165833333333
AED UAE Dirham,1999,0.6455757500000001
AED UAE Dirham,2000,0.581784
AED UAE Dirham,2001,0.5176933333333333
AED UAE Dirham,2002,0.5437990833333334
AED UAE Dirham,2003,0.6515317500000001
AED UAE Dirham,2004,0.7367806666666668
AED UAE Dirham,2005,0.7625946666666668
AED UAE Dirham,2006,0.7533350833333334
AED UAE Dirham,2007,0.8383309166666667
AED UAE Dirham,2008,0.8533105833333335
AED UAE Dirham,2009,0.7913161666666667
AED UAE Dirham,2010,0.9194800833333333
AED UAE Dirham,2011,1.03337575
AED UAE Dirham,2012,1.0358475833333334
AED UAE Dirham,2013,0.9683512500000001
AED UAE Dirham,2014,0.9029281666666668
AED UAE Dirham,2015,0.7526777499999998
AED UAE Dirham,2016,0.7436048333333334
ARS Argentine Peso,1990,0.7806721666666666
ARS Argentine Peso,1991,0.778778
ARS Argentine Peso,1992,0.7348873333333333
ARS Argentine Peso,1993,0.6795752500000001
ARS Argentine Peso,1994,0.7315671666666667
ARS Argentine Peso,1995,0.7410150833333332
ARS Argentine Peso,1996,0.7827774999999999
ARS Argentine Peso,1997,0.7435832499999999
ARS Argentine Peso,1998,0.6296165833333333
ARS Argentine Peso,1999,0.6455757500000001
ARS Argentine Peso,2000,0.581784
ARS Argentine Peso,2001,0.5176933333333333
ARS Argentine Peso,2002,0.5437990833333334
ARS Argentine Peso,2003,0.6515317500000001
ARS Argentine Peso,2004,0.7367806666666668
ARS Argentine Peso,2005,0.7625946666666668
ARS Argentine Peso,2006,0.7533350833333334
ARS Argentine Peso,2007,0.8383309166666667
ARS Argentine Peso,2008,0.8533105833333335
ARS Argentine Peso,2009,0.7913161666666667
ARS Argentine Peso,2010,0.9194800833333333
ARS Argentine Peso,2011,1.03337575
ARS Argentine Peso,2012,1.0358475833333334
ARS Argentine Peso,2013,0.9683512500000001
ARS Argentine Peso,2014,0.9029281666666668
ARS Argentine Peso,2015,0.7526777499999998
ARS Argentine Peso,2016,0.7436048333333334
AUD Australian Dollar,1990,0.7806721666666666
AUD Australian Dollar,1991,0.778778
AUD Australian Dollar,1992,0.7348873333333333
AUD Australian Dollar,1993,0.6795752500000001
AUD Australian Dollar,1994,0.7315671666666667
AUD Australian Dollar,1995,0.7410150833333332
AUD Australian Dollar,1996,0.7827774999999999
AUD Australian Dollar,1997,0.7435832499999999
AUD Australian Dollar,1998,0.6296165833333333
AUD Australian Dollar,1999,0.6455757500000001
AUD Australian Dollar,2000,0.581784
AUD Australian Dollar,2001,0.5176933333333333
AUD Australian Dollar,2002,0.5437990833333334
AUD Australian Dollar,2003,0.6515317500000001
AUD Australian Dollar,2004,0.7367806666666668
AUD Australian Dollar,2005,0.7625946666666668
AUD Australian Dollar,2006,0.7533350833333334
AUD Australian Dollar,2007,0.8383309166666667
AUD Australian Dollar,2008,0.8533105833333335
AUD Australian Dollar,2009,0.7913161666666667
AUD Australian Dollar,2010,0.9194800833333333
AUD Australian Dollar,2011,1.03337575
AUD Australian Dollar,2012,1.0358475833333334
AUD Australian Dollar,2013,0.9683512500000001
AUD Australian Dollar,2014,0.9029281666666668
AUD Australian Dollar,2015,0.7526777499999998
AUD Australian Dollar,2016,0.7436048333333334
AZN Azerbaijani New Manat,1992,0.7348873333333333
AZN Azerbaijani New Manat,1993,0.6795752500000001
AZN Azerbaijani New Manat,1994,0.7315671666666667
AZN Azerbaijani New Manat,1995,0.7410150833333332
AZN Azerbaijani New Manat,1996,0.7827774999999999
AZN Azerbaijani New Manat,1997,0.7435832499999999
AZN Azerbaijani New Manat,1998,0.6296165833333333
AZN Azerbaijani New Manat,1999,0.6455757500000001
AZN Azerbaijani New Manat,2000,0.581784
AZN Azerbaijani New Manat,2001,0.5176933333333333
AZN Azerbaijani New Manat,2002,0.5437990833333334
AZN Azerbaijani New Manat,2003,0.6515317500000001
AZN Azerbaijani New Manat,2004,0.7367806666666668
AZN Azerbaijani New Manat,2005,0.7625946666666668
AZN Azerbaijani New Manat,2006,0.7533350833333334
AZN Azerbaijani New Manat,2007,0.8383309166666667
AZN Azerbaijani New Manat,2008,0.8533105833333335
AZN Azerbaijani New Manat,2009,0.7913161666666667
AZN Azerbaijani New Manat,2010,0.9194800833333333
AZN Azerbaijani New Manat,2011,1.03337575
AZN Azerbaijani New Manat,2012,1.0358475833333334
AZN Azerbaijani New Manat,2013,0.9683512500000001
AZN Azerbaijani New Manat,2014,0.9029281666666668
AZN Azerbaijani New Manat,2015,0.7526777499999998
AZN Azerbaijani New Manat,2016,0.7436048333333334
BGN Bulgarian Lev,1990,0.7806721666666666
BGN Bulgarian Lev,1991,0.778778
BGN Bulgarian Lev,1992,0.7348873333333333
BGN Bulgarian Lev,1993,0.6795752500000001
BGN Bulgarian Lev,1994,0.7315671666666667
BGN Bulgarian Lev,1995,0.7410150833333332
BGN Bulgarian Lev,1996,0.7827774999999999
BGN Bulgarian Lev,1997,0.7435832499999999
BGN Bulgarian Lev,1998,0.6296165833333333
BGN Bulgarian Lev,1999,0.6455757500000001
BGN Bulgarian Lev,2000,0.581784
BGN Bulgarian Lev,2001,0.5176933333333333
BGN Bulgarian Lev,2002,0.5437990833333334
BGN Bulgarian Lev,2003,0.6515317500000001
BGN Bulgarian Lev,2004,0.7367806666666668
BGN Bulgarian Lev,2005,0.7625946666666668
BGN Bulgarian Lev,2006,0.7533350833333334
BGN Bulgarian Lev,2007,0.8383309166666667
BGN Bulgarian Lev,2008,0.8533105833333335
BGN Bulgarian Lev,2009,0.7913161666666667
BGN Bulgarian Lev,2010,0.9194800833333333
BGN Bulgarian Lev,2011,1.03337575
BGN Bulgarian Lev,2012,1.0358475833333334
BGN Bulgarian Lev,2013,0.9683512500000001
BGN Bulgarian Lev,2014,0.9029281666666668
BGN Bulgarian Lev,2015,0.7526777499999998
BGN Bulgarian Lev,2016,0.7436048333333334
BHD Bahraini Dinar,1990,0.7806721666666666
BHD Bahraini Dinar,1991,0.778778
BHD Bahraini Dinar,1992,0.7348873333333333
BHD Bahraini Dinar,1993,0.6795752500000001
BHD Bahraini Dinar,1994,0.7315671666666667
BHD Bahraini Dinar,1995,0.7410150833333332
BHD Bahraini Dinar,1996,0.7827774999999999
BHD Bahraini Dinar,1997,0.7435832499999999
BHD Bahraini Dinar,1998,0.6296165833333333
BHD Bahraini Dinar,1999,0.6455757500000001
BHD Bahraini Dinar,2000,0.581784
BHD Bahraini Dinar,2001,0.5176933333333333
BHD Bahraini Dinar,2002,0.5437990833333334
BHD Bahraini Dinar,2003,0.6515317500000001
BHD Bahraini Dinar,2004,0.7367806666666668
BHD Bahraini Dinar,2005,0.7625946666666668
BHD Bahraini Dinar,2006,0.7533350833333334
BHD Bahraini Dinar,2007,0.8383309166666667
BHD Bahraini Dinar,2008,0.8533105833333335
BHD Bahraini Dinar,2009,0.7913161666666667
BHD Bahraini Dinar,2010,0.9194800833333333
BHD Bahraini Dinar,2011,1.03337575
BHD Bahraini Dinar,2012,1.0358475833333334
BHD Bahraini Dinar,2013,0.9683512500000001
BHD Bahraini Dinar,2014,0.9029281666666668
BHD Bahraini Dinar,2015,0.7526777499999998
BHD Bahraini Dinar,2016,0.7436048333333334
BND Brunei Dollar,1990,0.7806721666666666
BND Brunei Dollar,1991,0.778778
BND Brunei Dollar,1992,0.7348873333333333
BND Brunei Dollar,1993,0.6795752500000001
BND Brunei Dollar,1994,0.7315671666666667
BND Brunei Dollar,1995,0.7410150833333332
BND Brunei Dollar,1996,0.7827774999999999
BND Brunei Dollar,1997,0.7435832499999999
BND Brunei Dollar,1998,0.6296165833333333
BND Brunei Dollar,1999,0.6455757500000001
BND Brunei Dollar,2000,0.581784
BND Brunei Dollar,2001,0.5176933333333333
BND Brunei Dollar,2002,0.5437990833333334
BND Brunei Dollar,2003,0.6515317500000001
BND Brunei Dollar,2004,0.7367806666666668
BND Brunei Dollar,2005,0.7625946666666668
BND Brunei Dollar,2006,0.7533350833333334
BND Brunei Dollar,2007,0.8383309166666667
BND Brunei Dollar,2008,0.8533105833333335
BND Brunei Dollar,2009,0.7913161666666667
BND Brunei Dollar,2010,0.9194800833333333
BND Brunei Dollar,2011,1.03337575
BND Brunei Dollar,2012,1.0358475833333334
BND Brunei Dollar,2013,0.9683512500000001
BND Brunei Dollar,2014,0.9029281666666668
BND Brunei Dollar,2015,0.7526777499999998
BND Brunei Dollar,2016,0.7436048333333334
BRL Brazilian Real,1990,0.7806721666666666
BRL Brazilian Real,1991,0.778778
BRL Brazilian Real,1992,0.7348873333333333
BRL Brazilian Real,1993,0.6795752500000001
BRL Brazilian Real,1994,0.7315671666666667
BRL Brazilian Real,1995,0.7410150833333332
BRL Brazilian Real,1996,0.7827774999999999
BRL Brazilian Real,1997,0.7435832499999999
BRL Brazilian Real,1998,0.6296165833333333
BRL Brazilian Real,1999,0.6455757500000001
BRL Brazilian Real,2000,0.581784
BRL Brazilian Real,2001,0.5176933333333333
BRL Brazilian Real,2002,0.5437990833333334
BRL Brazilian Real,2003,0.6515317500000001
BRL Brazilian Real,2004,0.7367806666666668
BRL Brazilian Real,2005,0.7625946666666668
BRL Brazilian Real,2006,0.7533350833333334
BRL Brazilian Real,2007,0.8383309166666667
BRL Brazilian Real,2008,0.8533105833333335
BRL Brazilian Real,2009,0.7913161666666667
BRL Brazilian Real,2010,0.9194800833333333
BRL Brazilian Real,2011,1.03337575
BRL Brazilian Real,2012,1.0358475833333334
BRL Brazilian Real,2013,0.9683512500000001
BRL Brazilian Real,2014,0.9029281666666668
BRL Brazilian Real,2015,0.7526777499999998
BRL Brazilian Real,2016,0.7436048333333334
CAD Canadian Dollar,1990,0.7806721666666666
CAD Canadian Dollar,1991,0.778778
CAD Canadian Dollar,1992,0.7348873333333333
CAD Canadian Dollar,1993,0.6795752500000001
CAD Canadian Dollar,1994,0.7315671666666667
CAD Canadian Dollar,1995,0.7410150833333332
CAD Canadian Dollar,1996,0.7827774999999999
CAD Canadian Dollar,1997,0.7435832499999999
CAD Canadian Dollar,1998,0.6296165833333333
CAD Canadian Dollar,1999,0.6455757500000001
CAD Canadian Dollar,2000,0.581784
CAD Canadian Dollar,2001,0.5176933333333333
CAD Canadian Dollar,2002,0.5437990833333334
CAD Canadian Dollar,2003,0.6515317500000001
CAD Canadian Dollar,2004,0.7367806666666668
CAD Canadian Dollar,2005,0.7625946666666668
CAD Canadian Dollar,2006,0.7533350833333334
CAD Canadian Dollar,2007,0.8383309166666667
CAD Canadian Dollar,2008,0.8533105833333335
CAD Canadian Dollar,2009,0.7913161666666667
CAD Canadian Dollar,2010,0.9194800833333333
CAD Canadian Dollar,2011,1.03337575
CAD Canadian Dollar,2012,1.0358475833333334
CAD Canadian Dollar,2013,0.9683512500000001
CAD Canadian Dollar,2014,0.9029281666666668
CAD Canadian Dollar,2015,0.7526777499999998
CAD Canadian Dollar,2016,0.7436048333333334
CHF Swiss Franc,1990,0.7806721666666666
CHF Swiss Franc,1991,0.778778
CHF Swiss Franc,1992,0.7348873333333333
CHF Swiss Franc,1993,0.6795752500000001
CHF Swiss Franc,1994,0.7315671666666667
CHF Swiss Franc,1995,0.7410150833333332
CHF Swiss Franc,1996,0.7827774999999999
CHF Swiss Franc,1997,0.7435832499999999
CHF Swiss Franc,1998,0.6296165833333333
CHF Swiss Franc,1999,0.6455757500000001
CHF Swiss Franc,2000,0.581784
CHF Swiss Franc,2001,0.5176933333333333
CHF Swiss Franc,2002,0.5437990833333334
CHF Swiss Franc,2003,0.6515317500000001
CHF Swiss Franc,2004,0.7367806666666668
CHF Swiss Franc,2005,0.7625946666666668
CHF Swiss Franc,2006,0.7533350833333334
CHF Swiss Franc,2007,0.8383309166666667
CHF Swiss Franc,2008,0.8533105833333335
CHF Swiss Franc,2009,0.7913161666666667
CHF Swiss Franc,2010,0.9194800833333333
CHF Swiss Franc,2011,1.03337575
CHF Swiss Franc,2012,1.0358475833333334
CHF Swiss Franc,2013,0.9683512500000001
CHF Swiss Franc,2014,0.9029281666666668
CHF Swiss Franc,2015,0.7526777499999998
CHF Swiss Franc,2016,0.7436048333333334
CLP Chilean Peso,1990,0.7806721666666666
CLP Chilean Peso,1991,0.778778
CLP Chilean Peso,1992,0.7348873333333333
CLP Chilean Peso,1993,0.6795752500000001
CLP Chilean Peso,1994,0.7315671666666667
CLP Chilean Peso,1995,0.7410150833333332
CLP Chilean Peso,1996,0.7827774999999999
CLP Chilean Peso,1997,0.7435832499999999
CLP Chilean Peso,1998,0.6296165833333333
CLP Chilean Peso,1999,0.6455757500000001
CLP Chilean Peso,2000,0.581784
CLP Chilean Peso,2001,0.5176933333333333
CLP Chilean Peso,2002,0.5437990833333334
CLP Chilean Peso,2003,0.6515317500000001
CLP Chilean Peso,2004,0.7367806666666668
CLP Chilean Peso,2005,0.7625946666666668
CLP Chilean Peso,2006,0.7533350833333334
CLP Chilean Peso,2007,0.8383309166666667
CLP Chilean Peso,2008,0.8533105833333335
CLP Chilean Peso,2009,0.7913161666666667
CLP Chilean Peso,2010,0.9194800833333333
CLP Chilean Peso,2011,1.03337575
CLP Chilean Peso,2012,1.0358475833333334
CLP Chilean Peso,2013,0.9683512500000001
CLP Chilean Peso,2014,0.9029281666666668
CLP Chilean Peso,2015,0.7526777499999998
CLP Chilean Peso,2016,0.7436048333333334
CNY Chinese Yuan,1990,0.7806721666666666
CNY Chinese Yuan,1991,0.778778
CNY Chinese Yuan,1992,0.7348873333333333
CNY Chinese Yuan,1993,0.6795752500000001
CNY Chinese Yuan,1994,0.7315671666666667
CNY Chinese Yuan,1995,0.7410150833333332
CNY Chinese Yuan,1996,0.7827774999999999
CNY Chinese Yuan,1997,0.7435832499999999
CNY Chinese Yuan,1998,0.6296165833333333
CNY Chinese Yuan,1999,0.6455757500000001
CNY Chinese Yuan,2000,0.581784
CNY Chinese Yuan,2001,0.5176933333333333
CNY Chinese Yuan,2002,0.5437990833333334
CNY Chinese Yuan,2003,0.6515317500000001
CNY Chinese Yuan,2004,0.7367806666666668
CNY Chinese Yuan,2005,0.7625946666666668
CNY Chinese Yuan,2006,0.7533350833333334
CNY Chinese Yuan,2007,0.8383309166666667
CNY Chinese Yuan,2008,0.8533105833333335
CNY Chinese Yuan,2009,0.7913161666666667
CNY Chinese Yuan,2010,0.9194800833333333
CNY Chinese Yuan,2011,1.03337575
CNY Chinese Yuan,2012,1.0358475833333334
CNY Chinese Yuan,2013,0.9683512500000001
CNY Chinese Yuan,2014,0.9029281666666668
CNY Chinese Yuan,2015,0.7526777499999998
CNY Chinese Yuan,2016,0.7436048333333334
CZK Czech Koruna,1993,0.6795752500000001
CZK Czech Koruna,1994,0.7315671666666667
CZK Czech Koruna,1995,0.7410150833333332
CZK Czech Koruna,1996,0.7827774999999999
CZK Czech Koruna,1997,0.7435832499999999
CZK Czech Koruna,1998,0.6296165833333333
CZK Czech Koruna,1999,0.6455757500000001
CZK Czech Koruna,2000,0.581784
CZK Czech Koruna,2001,0.5176933333333333
CZK Czech Koruna,2002,0.5437990833333334
CZK Czech Koruna,2003,0.6515317500000001
CZK Czech Koruna,2004,0.7367806666666668
CZK Czech Koruna,2005,0.7625946666666668
CZK Czech Koruna,2006,0.7533350833333334
CZK Czech Koruna,2007,0.8383309166666667
CZK Czech Koruna,2008,0.8533105833333335
CZK Czech Koruna,2009,0.7913161666666667
CZK Czech Koruna,2010,0.9194800833333333
CZK Czech Koruna,2011,1.03337575
CZK Czech Koruna,2012,1.0358475833333334
CZK Czech Koruna,2013,0.9683512500000001
CZK Czech Koruna,2014,0.9029281666666668
CZK Czech Koruna,2015,0.7526777499999998
CZK Czech Koruna,2016,0.7436048333333334
DKK Danish Kroner,1990,0.7806721666666666
DKK Danish Kroner,1991,0.778778
DKK Danish Kroner,1992,0.7348873333333333
DKK Danish Kroner,1993,0.6795752500000001
DKK Danish Kroner,1994,0.7315671666666667
DKK Danish Kroner,1995,0.7410150833333332
DKK Danish Kroner,1996,0.7827774999999999
DKK Danish Kroner,1997,0.7435832499999999
DKK Danish Kroner,1998,0.6296165833333333
DKK Danish Kroner,1999,0.6455757500000001
DKK Danish Kroner,2000,0.581784
DKK Danish Kroner,2001,0.5176933333333333
DKK Danish Kroner,2002,0.5437990833333334
DKK Danish Kroner,2003,0.6515317500000001
DKK Danish Kroner,2004,0.7367806666666668
DKK Danish Kroner,2005,0.7625946666666668
DKK Danish Kroner,2006,0.7533350833333334
DKK Danish Kroner,2007,0.8383309166666667
DKK Danish Kroner,2008,0.8533105833333335
DKK Danish Kroner,2009,0.7913161666666667
DKK Danish Kroner,2010,0.9194800833333333
DKK Danish Kroner,2011,1.03337575
DKK Danish Kroner,2012,1.0358475833333334
DKK Danish Kroner,2013,0.9683512500000001
DKK Danish Kroner,2014,0.9029281666666668
DKK Danish Kroner,2015,0.7526777499999998
DKK Danish Kroner,2016,0.7436048333333334
EGP Egyptian Pound,1990,0.7806721666666666
EGP Egyptian Pound,1991,0.778778
EGP Egyptian Pound,1992,0.7348873333333333
EGP Egyptian Pound,1993,0.6795752500000001
EGP Egyptian Pound,1994,0.7315671666666667
EGP Egyptian Pound,1995,0.7410150833333332
EGP Egyptian Pound,1996,0.7827774999999999
EGP Egyptian Pound,1997,0.7435832499999999
EGP Egyptian Pound,1998,0.6296165833333333
EGP Egyptian Pound,1999,0.6455757500000001
EGP Egyptian Pound,2000,0.581784
EGP Egyptian Pound,2001,0.5176933333333333
EGP Egyptian Pound,2002,0.5437990833333334
EGP Egyptian Pound,2003,0.6515317500000001
EGP Egyptian Pound,2004,0.7367806666666668
EGP Egyptian Pound,2005,0.7625946666666668
EGP Egyptian Pound,2006,0.7533350833333334
EGP Egyptian Pound,2007,0.8383309166666667
EGP Egyptian Pound,2008,0.8533105833333335
EGP Egyptian Pound,2009,0.7913161666666667
EGP Egyptian Pound,2010,0.9194800833333333
EGP Egyptian Pound,2011,1.03337575
EGP Egyptian Pound,2012,1.0358475833333334
EGP Egyptian Pound,2013,0.9683512500000001
EGP Egyptian Pound,2014,0.9029281666666668
EGP Egyptian Pound,2015,0.7526777499999998
EGP Egyptian Pound,2016,0.7436048333333334
EUR Euro,1990,0.7806721666666666
EUR Euro,1991,0.778778
EUR Euro,1992,0.7348873333333333
EUR Euro,1993,0.6795752500000001
EUR Euro,1994,0.7315671666666667
EUR Euro,1995,0.7410150833333332
EUR Euro,1996,0.7827774999999999
EUR Euro,1997,0.7435832499999999
EUR Euro,1998,0.6296165833333333
EUR Euro,1999,0.6455757500000001
EUR Euro,2000,0.581784
EUR Euro,2001,0.5176933333333333
EUR Euro,2002,0.5437990833333334
EUR Euro,2003,0.6515317500000001
EUR Euro,2004,0.7367806666666668
EUR Euro,2005,0.7625946666666668
EUR Euro,2006,0.7533350833333334
EUR Euro,2007,0.8383309166666667
EUR Euro,2008,0.8533105833333335
EUR Euro,2009,0.7913161666666667
EUR Euro,2010,0.9194800833333333
EUR Euro,2011,1.03337575
EUR Euro,2012,1.0358475833333334
EUR Euro,2013,0.9683512500000001
EUR Euro,2014,0.9029281666666668
FJD Fiji Dollar,1990,0.7806721666666666
FJD Fiji Dollar,1991,0.778778
FJD Fiji Dollar,1992,0.7348873333333333
FJD Fiji Dollar,1993,0.6795752500000001
FJD Fiji Dollar,1994,0.7315671666666667
FJD Fiji Dollar,1995,0.7410150833333332
FJD Fiji Dollar,1996,0.7827774999999999
FJD Fiji Dollar,1997,0.7435832499999999
FJD Fiji Dollar,1998,0.6296165833333333
FJD Fiji Dollar,1999,0.6455757500000001
FJD Fiji Dollar,2000,0.581784
FJD Fiji Dollar,2001,0.5176933333333333
FJD Fiji Dollar,2002,0.5437990833333334
FJD Fiji Dollar,2003,0.6515317500000001
FJD Fiji Dollar,2004,0.7367806666666668
FJD Fiji Dollar,2005,0.7625946666666668
FJD Fiji Dollar,2006,0.7533350833333334
FJD Fiji Dollar,2007,0.8383309166666667
FJD Fiji Dollar,2008,0.8533105833333335
FJD Fiji Dollar,2009,0.7913161666666667
FJD Fiji Dollar,2010,0.9194800833333333
FJD Fiji Dollar,2011,1.03337575
FJD Fiji Dollar,2012,1.0358475833333334
FJD Fiji Dollar,2013,0.9683512500000001
FJD Fiji Dollar,2014,0.9029281666666668
FJD Fiji Dollar,2015,0.7526777499999998
FJD Fiji Dollar,2016,0.7436048333333334
GBP British Pound,1990,0.7806721666666666
GBP British Pound,1991,0.778778
GBP British Pound,1992,0.7348873333333333
GBP British Pound,1993,0.6795752500000001
GBP British Pound,1994,0.7315671666666667
GBP British Pound,1995,0.7410150833333332
GBP British Pound,1996,0.7827774999999999
GBP British Pound,1997,0.7435832499999999
GBP British Pound,1998,0.6296165833333333
GBP British Pound,1999,0.6455757500000001
GBP British Pound,2000,0.581784
GBP British Pound,2001,0.5176933333333333
GBP British Pound,2002,0.5437990833333334
GBP British Pound,2003,0.6515317500000001
GBP British Pound,2004,0.7367806666666668
GBP British Pound,2005,0.7625946666666668
GBP British Pound,2006,0.7533350833333334
GBP British Pound,2007,0.8383309166666667
GBP British Pound,2008,0.8533105833333335
GBP British Pound,2009,0.7913161666666667
GBP British Pound,2010,0.9194800833333333
GBP British Pound,2011,1.03337575
GBP British Pound,2012,1.0358475833333334
GBP British Pound,2013,0.9683512500000001
GBP British Pound,2014,0.9029281666666668
GBP British Pound,2015,0.7526777499999998
GBP British Pound,2016,0.7436048333333334
HKD Hong Kong Dollar,1990,0.7806721666666666
HKD Hong Kong Dollar,1991,0.778778
HKD Hong Kong Dollar,1992,0.7348873333333333
HKD Hong Kong Dollar,1993,0.6795752500000001
HKD Hong Kong Dollar,1994,0.7315671666666667
HKD Hong Kong Dollar,1995,0.7410150833333332
HKD Hong Kong Dollar,1996,0.7827774999999999
HKD Hong Kong Dollar,1997,0.7435832499999999
HKD Hong Kong Dollar,1998,0.6296165833333333
HKD Hong Kong Dollar,1999,0.6455757500000001
HKD Hong Kong Dollar,2000,0.581784
HKD Hong Kong Dollar,2001,0.5176933333333333
HKD Hong Kong Dollar,2002,0.5437990833333334
HKD Hong Kong Dollar,2003,0.6515317500000001
HKD Hong Kong Dollar,2004,0.7367806666666668
HKD Hong Kong Dollar,2005,0.7625946666666668
HKD Hong Kong Dollar,2006,0.7533350833333334
HKD Hong Kong Dollar,2007,0.8383309166666667
HKD Hong Kong Dollar,2008,0.8533105833333335
HKD Hong Kong Dollar,2009,0.7913161666666667
HKD Hong Kong Dollar,2010,0.9194800833333333
HKD Hong Kong Dollar,2011,1.03337575
HKD Hong Kong Dollar,2012,1.0358475833333334
HKD Hong Kong Dollar,2013,0.9683512500000001
HKD Hong Kong Dollar,2014,0.9029281666666668
HKD Hong Kong Dollar,2015,0.7526777499999998
HKD Hong Kong Dollar,2016,0.7436048333333334
HUF Hungarian Forint,1990,0.7806721666666666
HUF Hungarian Forint,1991,0.778778
HUF Hungarian Forint,1992,0.7348873333333333
HUF Hungarian Forint,1993,0.6795752500000001
HUF Hungarian Forint,1994,0.7315671666666667
HUF Hungarian Forint,1995,0.7410150833333332
HUF Hungarian Forint,1996,0.7827774999999999
HUF Hungarian Forint,1997,0.7435832499999999
HUF Hungarian Forint,1998,0.6296165833333333
HUF Hungarian Forint,1999,0.6455757500000001
HUF Hungarian Forint,2000,0.581784
HUF Hungarian Forint,2001,0.5176933333333333
HUF Hungarian Forint,2002,0.5437990833333334
HUF Hungarian Forint,2003,0.6515317500000001
HUF Hungarian Forint,2004,0.7367806666666668
HUF Hungarian Forint,2005,0.7625946666666668
HUF Hungarian Forint,2006,0.7533350833333334
HUF Hungarian Forint,2007,0.8383309166666667
HUF Hungarian Forint,2008,0.8533105833333335
HUF Hungarian Forint,2009,0.7913161666666667
HUF Hungarian Forint,2010,0.9194800833333333
HUF Hungarian Forint,2011,1.03337575
HUF Hungarian Forint,2012,1.0358475833333334
HUF Hungarian Forint,2013,0.9683512500000001
HUF Hungarian Forint,2014,0.9029281666666668
HUF Hungarian Forint,2015,0.7526777499999998
HUF Hungarian Forint,2016,0.7436048333333334
IDR Indonesian Rupiah,1990,0.7806721666666666
IDR Indonesian Rupiah,1991,0.778778
IDR Indonesian Rupiah,1992,0.7348873333333333
IDR Indonesian Rupiah,1993,0.6795752500000001
IDR Indonesian Rupiah,1994,0.7315671666666667
IDR Indonesian Rupiah,1995,0.7410150833333332
IDR Indonesian Rupiah,1996,0.7827774999999999
IDR Indonesian Rupiah,1997,0.7435832499999999
IDR Indonesian Rupiah,1998,0.6296165833333333
IDR Indonesian Rupiah,1999,0.6455757500000001
IDR Indonesian Rupiah,2000,0.581784
IDR Indonesian Rupiah,2001,0.5176933333333333
IDR Indonesian Rupiah,2002,0.5437990833333334
IDR Indonesian Rupiah,2003,0.6515317500000001
IDR Indonesian Rupiah,2004,0.7367806666666668
IDR Indonesian Rupiah,2005,0.7625946666666668
IDR Indonesian Rupiah,2006,0.7533350833333334
IDR Indonesian Rupiah,2007,0.8383309166666667
IDR Indonesian Rupiah,2008,0.8533105833333335
IDR Indonesian Rupiah,2009,0.7913161666666667
IDR Indonesian Rupiah,2010,0.9194800833333333
IDR Indonesian Rupiah,2011,1.03337575
IDR Indonesian Rupiah,2012,1.0358475833333334
IDR Indonesian Rupiah,2013,0.9683512500000001
IDR Indonesian Rupiah,2014,0.9029281666666668
IDR Indonesian Rupiah,2015,0.7526777499999998
IDR Indonesian Rupiah,2016,0.7436048333333334
ILS Israeli New Shekel,1990,0.7806721666666666
ILS Israeli New Shekel,1991,0.778778
ILS Israeli New Shekel,1992,0.7348873333333333
ILS Israeli New Shekel,1993,0.6795752500000001
ILS Israeli New Shekel,1994,0.7315671666666667
ILS Israeli New Shekel,1995,0.7410150833333332
ILS Israeli New Shekel,1996,0.7827774999999999
ILS Israeli New Shekel,1997,0.7435832499999999
ILS Israeli New Shekel,1998,0.6296165833333333
ILS Israeli New Shekel,1999,0.6455757500000001
ILS Israeli New Shekel,2000,0.581784
ILS Israeli New Shekel,2001,0.5176933333333333
ILS Israeli New Shekel,2002,0.5437990833333334
ILS Israeli New Shekel,2003,0.6515317500000001
ILS Israeli New Shekel,2004,0.7367806666666668
ILS Israeli New Shekel,2005,0.7625946666666668
ILS Israeli New Shekel,2006,0.7533350833333334
ILS Israeli New Shekel,2007,0.8383309166666667
ILS Israeli New Shekel,2008,0.8533105833333335
ILS Israeli New Shekel,2009,0.7913161666666667
ILS Israeli New Shekel,2010,0.9194800833333333
ILS Israeli New Shekel,2011,1.03337575
ILS Israeli New Shekel,2012,1.0358475833333334
ILS Israeli New Shekel,2013,0.9683512500000001
ILS Israeli New Shekel,2014,0.9029281666666668
ILS Israeli New Shekel,2015,0.7526777499999998
ILS Israeli New Shekel,2016,0.7436048333333334
INR Indian Rupee,1990,0.7806721666666666
INR Indian Rupee,1991,0.778778
INR Indian Rupee,1992,0.7348873333333333
INR Indian Rupee,1993,0.6795752500000001
INR Indian Rupee,1994,0.7315671666666667
INR Indian Rupee,1995,0.7410150833333332
INR Indian Rupee,1996,0.7827774999999999
INR Indian Rupee,1997,0.7435832499999999
INR Indian Rupee,1998,0.6296165833333333
INR Indian Rupee,1999,0.6455757500000001
INR Indian Rupee,2000,0.581784
INR Indian Rupee,2001,0.5176933333333333
INR Indian Rupee,2002,0.5437990833333334
INR Indian Rupee,2003,0.6515317500000001
INR Indian Rupee,2004,0.7367806666666668
INR Indian Rupee,2005,0.7625946666666668
INR Indian Rupee,2006,0.7533350833333334
INR Indian Rupee,2007,0.8383309166666667
INR Indian Rupee,2008,0.8533105833333335
INR Indian Rupee,2009,0.7913161666666667
INR Indian Rupee,2010,0.9194800833333333
INR Indian Rupee,2011,1.03337575
INR Indian Rupee,2012,1.0358475833333334
INR Indian Rupee,2013,0.9683512500000001
INR Indian Rupee,2014,0.9029281666666668
INR Indian Rupee,2015,0.7526777499999998
INR Indian Rupee,2016,0.7436048333333334
JPY Japanese Yen,1990,0.7806721666666666
JPY Japanese Yen,1991,0.778778
JPY Japanese Yen,1992,0.7348873333333333
JPY Japanese Yen,1993,0.6795752500000001
JPY Japanese Yen,1994,0.7315671666666667
JPY Japanese Yen,1995,0.7410150833333332
JPY Japanese Yen,1996,0.7827774999999999
JPY Japanese Yen,1997,0.7435832499999999
JPY Japanese Yen,1998,0.6296165833333333
JPY Japanese Yen,1999,0.6455757500000001
JPY Japanese Yen,2000,0.581784
JPY Japanese Yen,2001,0.5176933333333333
JPY Japanese Yen,2002,0.5437990833333334
JPY Japanese Yen,2003,0.6515317500000001
JPY Japanese Yen,2004,0.7367806666666668
JPY Japanese Yen,2005,0.7625946666666668
JPY Japanese Yen,2006,0.7533350833333334
JPY Japanese Yen,2007,0.8383309166666667
JPY Japanese Yen,2008,0.8533105833333335
JPY Japanese Yen,2009,0.7913161666666667
JPY Japanese Yen,2010,0.9194800833333333
JPY Japanese Yen,2011,1.03337575
JPY Japanese Yen,2012,1.0358475833333334
JPY Japanese Yen,2013,0.9683512500000001
JPY Japanese Yen,2014,0.9029281666666668
JPY Japanese Yen,2015,0.7526777499999998
JPY Japanese Yen,2016,0.7436048333333334
KRW Korean Won,1990,0.7806721666666666
KRW Korean Won,1991,0.778778
KRW Korean Won,1992,0.7348873333333333
KRW Korean Won,1993,0.6795752500000001
KRW Korean Won,1994,0.7315671666666667
KRW Korean Won,1995,0.7410150833333332
KRW Korean Won,1996,0.7827774999999999
KRW Korean Won,1997,0.7435832499999999
KRW Korean Won,1998,0.6296165833333333
KRW Korean Won,1999,0.6455757500000001
KRW Korean Won,2000,0.581784
KRW Korean Won,2001,0.5176933333333333
KRW Korean Won,2002,0.5437990833333334
KRW Korean Won,2003,0.6515317500000001
KRW Korean Won,2004,0.7367806666666668
KRW Korean Won,2005,0.7625946666666668
KRW Korean Won,2006,0.7533350833333334
KRW Korean Won,2007,0.8383309166666667
KRW Korean Won,2008,0.8533105833333335
KRW Korean Won,2009,0.7913161666666667
KRW Korean Won,2010,0.9194800833333333
KRW Korean Won,2011,1.03337575
KRW Korean Won,2012,1.0358475833333334
KRW Korean Won,2013,0.9683512500000001
KRW Korean Won,2014,0.9029281666666668
KRW Korean Won,2015,0.7526777499999998
KRW Korean Won,2016,0.7436048333333334
KWD Kuwaiti Dinar,1990,0.7806721666666666
KWD Kuwaiti Dinar,1991,0.778778
KWD Kuwaiti Dinar,1992,0.7348873333333333
KWD Kuwaiti Dinar,1993,0.6795752500000001
KWD Kuwaiti Dinar,1994,0.7315671666666667
KWD Kuwaiti Dinar,1995,0.7410150833333332
KWD Kuwaiti Dinar,1996,0.7827774999999999
KWD Kuwaiti Dinar,1997,0.7435832499999999
KWD Kuwaiti Dinar,1998,0.6296165833333333
KWD Kuwaiti Dinar,1999,0.6455757500000001
KWD Kuwaiti Dinar,2000,0.581784
KWD Kuwaiti Dinar,2001,0.5176933333333333
KWD Kuwaiti Dinar,2002,0.5437990833333334
KWD Kuwaiti Dinar,2003,0.6515317500000001
KWD Kuwaiti Dinar,2004,0.7367806666666668
KWD Kuwaiti Dinar,2005,0.7625946666666668
KWD Kuwaiti Dinar,2006,0.7533350833333334
KWD Kuwaiti Dinar,2007,0.8383309166666667
KWD Kuwaiti Dinar,2008,0.8533105833333335
KWD Kuwaiti Dinar,2009,0.7913161666666667
KWD Kuwaiti Dinar,2010,0.9194800833333333
KWD Kuwaiti Dinar,2011,1.03337575
KWD Kuwaiti Dinar,2012,1.0358475833333334
KWD Kuwaiti Dinar,2013,0.9683512500000001
KWD Kuwaiti Dinar,2014,0.9029281666666668
KWD Kuwaiti Dinar,2015,0.7526777499999998
KWD Kuwaiti Dinar,2016,0.7436048333333334
LKR Sri Lanka Rupee,1990,0.7806721666666666
LKR Sri Lanka Rupee,1991,0.778778
LKR Sri Lanka Rupee,1992,0.7348873333333333
LKR Sri Lanka Rupee,1993,0.6795752500000001
LKR Sri Lanka Rupee,1994,0.7315671666666667
LKR Sri Lanka Rupee,1995,0.7410150833333332
LKR Sri Lanka Rupee,1996,0.7827774999999999
LKR Sri Lanka Rupee,1997,0.7435832499999999
LKR Sri Lanka Rupee,1998,0.6296165833333333
LKR Sri Lanka Rupee,1999,0.6455757500000001
LKR Sri Lanka Rupee,2000,0.581784
LKR Sri Lanka Rupee,2001,0.5176933333333333
LKR Sri Lanka Rupee,2002,0.5437990833333334
LKR Sri Lanka Rupee,2003,0.6515317500000001
LKR Sri Lanka Rupee,2004,0.7367806666666668
LKR Sri Lanka Rupee,2005,0.7625946666666668
LKR Sri Lanka Rupee,2006,0.7533350833333334
LKR Sri Lanka Rupee,2007,0.8383309166666667
LKR Sri Lanka Rupee,2008,0.8533105833333335
LKR Sri Lanka Rupee,2009,0.7913161666666667
LKR Sri Lanka Rupee,2010,0.9194800833333333
LKR Sri Lanka Rupee,2011,1.03337575
LKR Sri Lanka Rupee,2012,1.0358475833333334
LKR Sri Lanka Rupee,2013,0.9683512500000001
LKR Sri Lanka Rupee,2014,0.9029281666666668
LKR Sri Lanka Rupee,2015,0.7526777499999998
LKR Sri Lanka Rupee,2016,0.7436048333333334
MAD Moroccan Dirham,1990,0.7806721666666666
MAD Moroccan Dirham,1991,0.778778
MAD Moroccan Dirham,1992,0.7348873333333333
MAD Moroccan Dirham,1993,0.6795752500000001
MAD Moroccan Dirham,1994,0.7315671666666667
MAD Moroccan Dirham,1995,0.7410150833333332
MAD Moroccan Dirham,1996,0.7827774999999999
MAD Moroccan Dirham,1997,0.7435832499999999
MAD Moroccan Dirham,1998,0.6296165833333333
MAD Moroccan Dirham,1999,0.6455757500000001
MAD Moroccan Dirham,2000,0.581784
MAD Moroccan Dirham,2001,0.5176933333333333
MAD Moroccan Dirham,2002,0.5437990833333334
MAD Moroccan Dirham,2003,0.6515317500000001
MAD Moroccan Dirham,2004,0.7367806666666668
MAD Moroccan Dirham,2005,0.7625946666666668
MAD Moroccan Dirham,2006,0.7533350833333334
MAD Moroccan Dirham,2007,0.8383309166666667
MAD Moroccan Dirham,2008,0.8533105833333335
MAD Moroccan Dirham,2009,0.7913161666666667
MAD Moroccan Dirham,2010,0.9194800833333333
MAD Moroccan Dirham,2011,1.03337575
MAD Moroccan Dirham,2012,1.0358475833333334
MAD Moroccan Dirham,2013,0.9683512500000001
MAD Moroccan Dirham,2014,0.9029281666666668
MAD Moroccan Dirham,2015,0.7526777499999998
MAD Moroccan Dirham,2016,0.7436048333333334
MGA Malagasy Ariary,1990,0.7806721666666666
MGA Malagasy Ariary,1991,0.778778
MGA Malagasy Ariary,1992,0.7348873333333333
MGA Malagasy Ariary,1993,0.6795752500000001
MGA Malagasy Ariary,1994,0.7315671666666667
MGA Malagasy Ariary,1995,0.7410150833333332
MGA Malagasy Ariary,1996,0.7827774999999999
MGA Malagasy Ariary,1997,0.7435832499999999
MGA Malagasy Ariary,1998,0.6296165833333333
MGA Malagasy Ariary,1999,0.6455757500000001
MGA Malagasy Ariary,2000,0.581784
MGA Malagasy Ariary,2001,0.5176933333333333
MGA Malagasy Ariary,2002,0.5437990833333334
MGA Malagasy Ariary,2003,0.6515317500000001
MGA Malagasy Ariary,2004,0.7367806666666668
MGA Malagasy Ariary,2005,0.7625946666666668
MGA Malagasy Ariary,2006,0.7533350833333334
MGA Malagasy Ariary,2007,0.8383309166666667
MGA Malagasy Ariary,2008,0.8533105833333335
MGA Malagasy Ariary,2009,0.7913161666666667
MGA Malagasy Ariary,2010,0.9194800833333333
MGA Malagasy Ariary,2011,1.03337575
MGA Malagasy Ariary,2012,1.0358475833333334
MGA Malagasy Ariary,2013,0.9683512500000001
MGA Malagasy Ariary,2014,0.9029281666666668
MGA Malagasy Ariary,2015,0.7526777499999998
MGA Malagasy Ariary,2016,0.7436048333333334
MXN Mexican Peso,1990,0.7806721666666666
MXN Mexican Peso,1991,0.778778
MXN Mexican Peso,1992,0.7348873333333333
MXN Mexican Peso,1993,0.6795752500000001
MXN Mexican Peso,1994,0.7315671666666667
MXN Mexican Peso,1995,0.7410150833333332
MXN Mexican Peso,1996,0.7827774999999999
MXN Mexican Peso,1997,0.7435832499999999
MXN Mexican Peso,1998,0.6296165833333333
MXN Mexican Peso,1999,0.6455757500000001
MXN Mexican Peso,2000,0.581784
MXN Mexican Peso,2001,0.5176933333333333
MXN Mexican Peso,2002,0.5437990833333334
MXN Mexican Peso,2003,0.6515317500000001
MXN Mexican Peso,2004,0.7367806666666668
MXN Mexican Peso,2005,0.7625946666666668
MXN Mexican Peso,2006,0.7533350833333334
MXN Mexican Peso,2007,0.8383309166666667
MXN Mexican Peso,2008,0.8533105833333335
MXN Mexican Peso,2009,0.7913161666666667
MXN Mexican Peso,2010,0.9194800833333333
MXN Mexican Peso,2011,1.03337575
MXN Mexican Peso,2012,1.0358475833333334
MXN Mexican Peso,2013,0.9683512500000001
MXN Mexican Peso,2014,0.9029281666666668
MXN Mexican Peso,2015,0.7526777499999998
MXN Mexican Peso,2016,0.7436048333333334
MYR Malaysian Ringgit,1990,0.7806721666666666
MYR Malaysian Ringgit,1991,0.778778
MYR Malaysian Ringgit,1992,0.7348873333333333
MYR Malaysian Ringgit,1993,0.6795752500000001
MYR Malaysian Ringgit,1994,0.7315671666666667
MYR Malaysian Ringgit,1995,0.7410150833333332
MYR Malaysian Ringgit,1996,0.7827774999999999
MYR Malaysian Ringgit,1997,0.7435832499999999
MYR Malaysian Ringgit,1998,0.6296165833333333
MYR Malaysian Ringgit,1999,0.6455757500000001
MYR Malaysian Ringgit,2000,0.581784
MYR Malaysian Ringgit,2001,0.5176933333333333
MYR Malaysian Ringgit,2002,0.5437990833333334
MYR Malaysian Ringgit,2003,0.6515317500000001
MYR Malaysian Ringgit,2004,0.7367806666666668
MYR Malaysian Ringgit,2005,0.7625946666666668
MYR Malaysian Ringgit,2006,0.7533350833333334
MYR Malaysian Ringgit,2007,0.8383309166666667
MYR Malaysian Ringgit,2008,0.8533105833333335
MYR Malaysian Ringgit,2009,0.7913161666666667
MYR Malaysian Ringgit,2010,0.9194800833333333
MYR Malaysian Ringgit,2011,1.03337575
MYR Malaysian Ringgit,2012,1.0358475833333334
MYR Malaysian Ringgit,2013,0.9683512500000001
MYR Malaysian Ringgit,2014,0.9029281666666668
MYR Malaysian Ringgit,2015,0.7526777499999998
MYR Malaysian Ringgit,2016,0.7436048333333334
NOK Norwegian Kroner,1990,0.7806721666666666
NOK Norwegian Kroner,1991,0.778778
NOK Norwegian Kroner,1992,0.7348873333333333
NOK Norwegian Kroner,1993,0.6795752500000001
NOK Norwegian Kroner,1994,0.7315671666666667
NOK Norwegian Kroner,1995,0.7410150833333332
NOK Norwegian Kroner,1996,0.7827774999999999
NOK Norwegian Kroner,1997,0.7435832499999999
NOK Norwegian Kroner,1998,0.6296165833333333
NOK Norwegian Kroner,1999,0.6455757500000001
NOK Norwegian Kroner,2000,0.581784
NOK Norwegian Kroner,2001,0.5176933333333333
NOK Norwegian Kroner,2002,0.5437990833333334
NOK Norwegian Kroner,2003,0.6515317500000001
NOK Norwegian Kroner,2004,0.7367806666666668
NOK Norwegian Kroner,2005,0.7625946666666668
NOK Norwegian Kroner,2006,0.7533350833333334
NOK Norwegian Kroner,2007,0.8383309166666667
NOK Norwegian Kroner,2008,0.8533105833333335
NOK Norwegian Kroner,2009,0.7913161666666667
NOK Norwegian Kroner,2010,0.9194800833333333
NOK Norwegian Kroner,2011,1.03337575
NOK Norwegian Kroner,2012,1.0358475833333334
NOK Norwegian Kroner,2013,0.9683512500000001
NOK Norwegian Kroner,2014,0.9029281666666668
NOK Norwegian Kroner,2015,0.7526777499999998
NOK Norwegian Kroner,2016,0.7436048333333334
NZD New Zealand Dollar,1990,0.7806721666666666
NZD New Zealand Dollar,1991,0.778778
NZD New Zealand Dollar,1992,0.7348873333333333
NZD New Zealand Dollar,1993,0.6795752500000001
NZD New Zealand Dollar,1994,0.7315671666666667
NZD New Zealand Dollar,1995,0.7410150833333332
NZD New Zealand Dollar,1996,0.7827774999999999
NZD New Zealand Dollar,1997,0.7435832499999999
NZD New Zealand Dollar,1998,0.6296165833333333
NZD New Zealand Dollar,1999,0.6455757500000001
NZD New Zealand Dollar,2000,0.581784
NZD New Zealand Dollar,2001,0.5176933333333333
NZD New Zealand Dollar,2002,0.5437990833333334
NZD New Zealand Dollar,2003,0.6515317500000001
NZD New Zealand Dollar,2004,0.7367806666666668
NZD New Zealand Dollar,2005,0.7625946666666668
NZD New Zealand Dollar,2006,0.7533350833333334
NZD New Zealand Dollar,2007,0.8383309166666667
NZD New Zealand Dollar,2008,0.8533105833333335
NZD New Zealand Dollar,2009,0.7913161666666667
NZD New Zealand Dollar,2010,0.9194800833333333
NZD New Zealand Dollar,2011,1.03337575
NZD New Zealand Dollar,2012,1.0358475833333334
NZD New Zealand Dollar,2013,0.9683512500000001
NZD New Zealand Dollar,2014,0.9029281666666668
NZD New Zealand Dollar,2015,0.7526777499999998
NZD New Zealand Dollar,2016,0.7436048333333334
OMR Omani Rial,1990,0.7806721666666666
OMR Omani Rial,1991,0.778778
OMR Omani Rial,1992,0.7348873333333333
OMR Omani Rial,1993,0.6795752500000001
OMR Omani Rial,1994,0.7315671666666667
OMR Omani Rial,1995,0.7410150833333332
OMR Omani Rial,1996,0.7827774999999999
OMR Omani Rial,1997,0.7435832499999999
OMR Omani Rial,1998,0.6296165833333333
OMR Omani Rial,1999,0.6455757500000001
OMR Omani Rial,2000,0.581784
OMR Omani Rial,2001,0.5176933333333333
OMR Omani Rial,2002,0.5437990833333334
OMR Omani Rial,2003,0.6515317500000001
OMR Omani Rial,2004,0.7367806666666668
OMR Omani Rial,2005,0.7625946666666668
OMR Omani Rial,2006,0.7533350833333334
OMR Omani Rial,2007,0.8383309166666667
OMR Omani Rial,2008,0.8533105833333335
OMR Omani Rial,2009,0.7913161666666667
OMR Omani Rial,2010,0.9194800833333333
OMR Omani Rial,2011,1.03337575
OMR Omani Rial,2012,1.0358475833333334
OMR Omani Rial,2013,0.9683512500000001
OMR Omani Rial,2014,0.9029281666666668
OMR Omani Rial,2015,0.7526777499999998
OMR Omani Rial,2016,0.7436048333333334
PEN Peruvian Nuevo Sol,1990,0.7806721666666666
PEN Peruvian Nuevo Sol,1991,0.778778
PEN Peruvian Nuevo Sol,1992,0.7348873333333333
PEN Peruvian Nuevo Sol,1993,0.6795752500000001
PEN Peruvian Nuevo Sol,1994,0.7315671666666667
PEN Peruvian Nuevo Sol,1995,0.7410150833333332
PEN Peruvian Nuevo Sol,1996,0.7827774999999999
PEN Peruvian Nuevo Sol,1997,0.7435832499999999
PEN Peruvian Nuevo Sol,1998,0.6296165833333333
PEN Peruvian Nuevo Sol,1999,0.6455757500000001
PEN Peruvian Nuevo Sol,2000,0.581784
PEN Peruvian Nuevo Sol,2001,0.5176933333333333
PEN Peruvian Nuevo Sol,2002,0.5437990833333334
PEN Peruvian Nuevo Sol,2003,0.6515317500000001
PEN Peruvian Nuevo Sol,2004,0.7367806666666668
PEN Peruvian Nuevo Sol,2005,0.7625946666666668
PEN Peruvian Nuevo Sol,2006,0.7533350833333334
PEN Peruvian Nuevo Sol,2007,0.8383309166666667
PEN Peruvian Nuevo Sol,2008,0.8533105833333335
PEN Peruvian Nuevo Sol,2009,0.7913161666666667
PEN Peruvian Nuevo Sol,2010,0.9194800833333333
PEN Peruvian Nuevo Sol,2011,1.03337575
PEN Peruvian Nuevo Sol,2012,1.0358475833333334
PEN Peruvian Nuevo Sol,2013,0.9683512500000001
PEN Peruvian Nuevo Sol,2014,0.9029281666666668
PEN Peruvian Nuevo Sol,2015,0.7526777499999998
PEN Peruvian Nuevo Sol,2016,0.7436048333333334
PGK Papua New Guinea Kina,1990,0.7806721666666666
PGK Papua New Guinea Kina,1991,0.778778
PGK Papua New Guinea Kina,1992,0.7348873333333333
PGK Papua New Guinea Kina,1993,0.6795752500000001
PGK Papua New Guinea Kina,1994,0.7315671666666667
PGK Papua New Guinea Kina,1995,0.7410150833333332
PGK Papua New Guinea Kina,1996,0.7827774999999999
PGK Papua New Guinea Kina,1997,0.7435832499999999
PGK Papua New Guinea Kina,1998,0.6296165833333333
PGK Papua New Guinea Kina,1999,0.6455757500000001
PGK Papua New Guinea Kina,2000,0.581784
PGK Papua New Guinea Kina,2001,0.5176933333333333
PGK Papua New Guinea Kina,2002,0.5437990833333334
PGK Papua New Guinea Kina,2003,0.6515317500000001
PGK Papua New Guinea Kina,2004,0.7367806666666668
PGK Papua New Guinea Kina,2005,0.7625946666666668
PGK Papua New Guinea Kina,2006,0.7533350833333334
PGK Papua New Guinea Kina,2007,0.8383309166666667
PGK Papua New Guinea Kina,2008,0.8533105833333335
PGK Papua New Guinea Kina,2009,0.7913161666666667
PGK Papua New Guinea Kina,2010,0.9194800833333333
PGK Papua New Guinea Kina,2011,1.03337575
PGK Papua New Guinea Kina,2012,1.0358475833333334
PGK Papua New Guinea Kina,2013,0.9683512500000001
PGK Papua New Guinea Kina,2014,0.9029281666666668
PGK Papua New Guinea Kina,2015,0.7526777499999998
PGK Papua New Guinea Kina,2016,0.7436048333333334
PHP Philippine Peso,1990,0.7806721666666666
PHP Philippine Peso,1991,0.778778
PHP Philippine Peso,1992,0.7348873333333333
PHP Philippine Peso,1993,0.6795752500000001
PHP Philippine Peso,1994,0.7315671666666667
PHP Philippine Peso,1995,0.7410150833333332
PHP Philippine Peso,1996,0.7827774999999999
PHP Philippine Peso,1997,0.7435832499999999
PHP Philippine Peso,1998,0.6296165833333333
PHP Philippine Peso,1999,0.6455757500000001
PHP Philippine Peso,2000,0.581784
PHP Philippine Peso,2001,0.5176933333333333
PHP Philippine Peso,2002,0.5437990833333334
PHP Philippine Peso,2003,0.6515317500000001
PHP Philippine Peso,2004,0.7367806666666668
PHP Philippine Peso,2005,0.7625946666666668
PHP Philippine Peso,2006,0.7533350833333334
PHP Philippine Peso,2007,0.8383309166666667
PHP Philippine Peso,2008,0.8533105833333335
PHP Philippine Peso,2009,0.7913161666666667
PHP Philippine Peso,2010,0.9194800833333333
PHP Philippine Peso,2011,1.03337575
PHP Philippine Peso,2012,1.0358475833333334
PHP Philippine Peso,2013,0.9683512500000001
PHP Philippine Peso,2014,0.9029281666666668
PHP Philippine Peso,2015,0.7526777499999998
PHP Philippine Peso,2016,0.7436048333333334
PKR Pakistani Rupee,1990,0.7806721666666666
PKR Pakistani Rupee,1991,0.778778
PKR Pakistani Rupee,1992,0.7348873333333333
PKR Pakistani Rupee,1993,0.6795752500000001
PKR Pakistani Rupee,1994,0.7315671666666667
PKR Pakistani Rupee,1995,0.7410150833333332
PKR Pakistani Rupee,1996,0.7827774999999999
PKR Pakistani Rupee,1997,0.7435832499999999
PKR Pakistani Rupee,1998,0.6296165833333333
PKR Pakistani Rupee,1999,0.6455757500000001
PKR Pakistani Rupee,2000,0.581784
PKR Pakistani Rupee,2001,0.5176933333333333
PKR Pakistani Rupee,2002,0.5437990833333334
PKR Pakistani Rupee,2003,0.6515317500000001
PKR Pakistani Rupee,2004,0.7367806666666668
PKR Pakistani Rupee,2005,0.7625946666666668
PKR Pakistani Rupee,2006,0.7533350833333334
PKR Pakistani Rupee,2007,0.8383309166666667
PKR Pakistani Rupee,2008,0.8533105833333335
PKR Pakistani Rupee,2009,0.7913161666666667
PKR Pakistani Rupee,2010,0.9194800833333333
PKR Pakistani Rupee,2011,1.03337575
PKR Pakistani Rupee,2012,1.0358475833333334
PKR Pakistani Rupee,2013,0.9683512500000001
PKR Pakistani Rupee,2014,0.9029281666666668
PKR Pakistani Rupee,2015,0.7526777499999998
PKR Pakistani Rupee,2016,0.7436048333333334
PLN Polish Zloty,1990,0.7806721666666666
PLN Polish Zloty,1991,0.778778
PLN Polish Zloty,1992,0.7348873333333333
PLN Polish Zloty,1993,0.6795752500000001
PLN Polish Zloty,1994,0.7315671666666667
PLN Polish Zloty,1995,0.7410150833333332
PLN Polish Zloty,1996,0.7827774999999999
PLN Polish Zloty,1997,0.7435832499999999
PLN Polish Zloty,1998,0.6296165833333333
PLN Polish Zloty,1999,0.6455757500000001
PLN Polish Zloty,2000,0.581784
PLN Polish Zloty,2001,0.5176933333333333
PLN Polish Zloty,2002,0.5437990833333334
PLN Polish Zloty,2003,0.6515317500000001
PLN Polish Zloty,2004,0.7367806666666668
PLN Polish Zloty,2005,0.7625946666666668
PLN Polish Zloty,2006,0.7533350833333334
PLN Polish Zloty,2007,0.8383309166666667
PLN Polish Zloty,2008,0.8533105833333335
PLN Polish Zloty,2009,0.7913161666666667
PLN Polish Zloty,2010,0.9194800833333333
PLN Polish Zloty,2011,1.03337575
PLN Polish Zloty,2012,1.0358475833333334
PLN Polish Zloty,2013,0.9683512500000001
PLN Polish Zloty,2014,0.9029281666666668
PLN Polish Zloty,2015,0.7526777499999998
PLN Polish Zloty,2016,0.7436048333333334
RUB Russian Rouble,1992,0.7348873333333333
RUB Russian Rouble,1993,0.6795752500000001
RUB Russian Rouble,1994,0.7315671666666667
RUB Russian Rouble,1995,0.7410150833333332
RUB Russian Rouble,1996,0.7827774999999999
RUB Russian Rouble,1997,0.7435832499999999
RUB Russian Rouble,1998,0.6296165833333333
RUB Russian Rouble,1999,0.6455757500000001
RUB Russian Rouble,2000,0.581784
RUB Russian Rouble,2001,0.5176933333333333
RUB Russian Rouble,2002,0.5437990833333334
RUB Russian Rouble,2003,0.6515317500000001
RUB Russian Rouble,2004,0.7367806666666668
RUB Russian Rouble,2005,0.7625946666666668
RUB Russian Rouble,2006,0.7533350833333334
RUB Russian Rouble,2007,0.8383309166666667
RUB Russian Rouble,2008,0.8533105833333335
RUB Russian Rouble,2009,0.7913161666666667
RUB Russian Rouble,2010,0.9194800833333333
RUB Russian Rouble,2011,1.03337575
RUB Russian Rouble,2012,1.0358475833333334
RUB Russian Rouble,2013,0.9683512500000001
RUB Russian Rouble,2014,0.9029281666666668
RUB Russian Rouble,2015,0.7526777499999998
RUB Russian Rouble,2016,0.7436048333333334
SAR Saudi Arabian Riyal,1990,0.7806721666666666
SAR Saudi Arabian Riyal,1991,0.778778
SAR Saudi Arabian Riyal,1992,0.7348873333333333
SAR Saudi Arabian Riyal,1993,0.6795752500000001
SAR Saudi Arabian Riyal,1994,0.7315671666666667
SAR Saudi Arabian Riyal,1995,0.7410150833333332
SAR Saudi Arabian Riyal,1996,0.7827774999999999
SAR Saudi Arabian Riyal,1997,0.7435832499999999
SAR Saudi Arabian Riyal,1998,0.6296165833333333
SAR Saudi Arabian Riyal,1999,0.6455757500000001
SAR Saudi Arabian Riyal,2000,0.581784
SAR Saudi Arabian Riyal,2001,0.5176933333333333
SAR Saudi Arabian Riyal,2002,0.5437990833333334
SAR Saudi Arabian Riyal,2003,0.6515317500000001
SAR Saudi Arabian Riyal,2004,0.7367806666666668
SAR Saudi Arabian Riyal,2005,0.7625946666666668
SAR Saudi Arabian Riyal,2006,0.7533350833333334
SAR Saudi Arabian Riyal,2007,0.8383309166666667
SAR Saudi Arabian Riyal,2008,0.8533105833333335
SAR Saudi Arabian Riyal,2009,0.7913161666666667
SAR Saudi Arabian Riyal,2010,0.9194800833333333
SAR Saudi Arabian Riyal,2011,1.03337575
SAR Saudi Arabian Riyal,2012,1.0358475833333334
SAR Saudi Arabian Riyal,2013,0.9683512500000001
SAR Saudi Arabian Riyal,2014,0.9029281666666668
SAR Saudi Arabian Riyal,2015,0.7526777499999998
SAR Saudi Arabian Riyal,2016,0.7436048333333334
SBD Solomon Islands Dollar,1990,0.7806721666666666
SBD Solomon Islands Dollar,1991,0.778778
SBD Solomon Islands Dollar,1992,0.7348873333333333
SBD Solomon Islands Dollar,1993,0.6795752500000001
SBD Solomon Islands Dollar,1994,0.7315671666666667
SBD Solomon Islands Dollar,1995,0.7410150833333332
SBD Solomon Islands Dollar,1996,0.7827774999999999
SBD Solomon Islands Dollar,1997,0.7435832499999999
SBD Solomon Islands Dollar,1998,0.6296165833333333
SBD Solomon Islands Dollar,1999,0.6455757500000001
SBD Solomon Islands Dollar,2000,0.581784
SBD Solomon Islands Dollar,2001,0.5176933333333333
SBD Solomon Islands Dollar,2002,0.5437990833333334
SBD Solomon Islands Dollar,2003,0.6515317500000001
SBD Solomon Islands Dollar,2004,0.7367806666666668
SBD Solomon Islands Dollar,2005,0.7625946666666668
SBD Solomon Islands Dollar,2006,0.7533350833333334
SBD Solomon Islands Dollar,2007,0.8383309166666667
SBD Solomon Islands Dollar,2008,0.8533105833333335
SBD Solomon Islands Dollar,2009,0.7913161666666667
SBD Solomon Islands Dollar,2010,0.9194800833333333
SBD Solomon Islands Dollar,2011,1.03337575
SBD Solomon Islands Dollar,2012,1.0358475833333334
SBD Solomon Islands Dollar,2013,0.9683512500000001
SBD Solomon Islands Dollar,2014,0.9029281666666668
SBD Solomon Islands Dollar,2015,0.7526777499999998
SBD Solomon Islands Dollar,2016,0.7436048333333334
SCR Seychelles Rupee,1990,0.7806721666666666
SCR Seychelles Rupee,1991,0.778778
SCR Seychelles Rupee,1992,0.7348873333333333
SCR Seychelles Rupee,1993,0.6795752500000001
SCR Seychelles Rupee,1994,0.7315671666666667
SCR Seychelles Rupee,1995,0.7410150833333332
SCR Seychelles Rupee,1996,0.7827774999999999
SCR Seychelles Rupee,1997,0.7435832499999999
SCR Seychelles Rupee,1998,0.6296165833333333
SCR Seychelles Rupee,1999,0.6455757500000001
SCR Seychelles Rupee,2000,0.581784
SCR Seychelles Rupee,2001,0.5176933333333333
SCR Seychelles Rupee,2002,0.5437990833333334
SCR Seychelles Rupee,2003,0.6515317500000001
SCR Seychelles Rupee,2004,0.7367806666666668
SCR Seychelles Rupee,2005,0.7625946666666668
SCR Seychelles Rupee,2006,0.7533350833333334
SCR Seychelles Rupee,2007,0.8383309166666667
SCR Seychelles Rupee,2008,0.8533105833333335
SCR Seychelles Rupee,2009,0.7913161666666667
SCR Seychelles Rupee,2010,0.9194800833333333
SCR Seychelles Rupee,2011,1.03337575
SCR Seychelles Rupee,2012,1.0358475833333334
SCR Seychelles Rupee,2013,0.9683512500000001
SCR Seychelles Rupee,2014,0.9029281666666668
SCR Seychelles Rupee,2015,0.7526777499999998
SCR Seychelles Rupee,2016,0.7436048333333334
SEK Swedish Krona,1990,0.7806721666666666
SEK Swedish Krona,1991,0.778778
SEK Swedish Krona,1992,0.7348873333333333
SEK Swedish Krona,1993,0.6795752500000001
SEK Swedish Krona,1994,0.7315671666666667
SEK Swedish Krona,1995,0.7410150833333332
SEK Swedish Krona,1996,0.7827774999999999
SEK Swedish Krona,1997,0.7435832499999999
SEK Swedish Krona,1998,0.6296165833333333
SEK Swedish Krona,1999,0.6455757500000001
SEK Swedish Krona,2000,0.581784
SEK Swedish Krona,2001,0.5176933333333333
SEK Swedish Krona,2002,0.5437990833333334
SEK Swedish Krona,2003,0.6515317500000001
SEK Swedish Krona,2004,0.7367806666666668
SEK Swedish Krona,2005,0.7625946666666668
SEK Swedish Krona,2006,0.7533350833333334
SEK Swedish Krona,2007,0.8383309166666667
SEK Swedish Krona,2008,0.8533105833333335
SEK Swedish Krona,2009,0.7913161666666667
SEK Swedish Krona,2010,0.9194800833333333
SEK Swedish Krona,2011,1.03337575
SEK Swedish Krona,2012,1.0358475833333334
SEK Swedish Krona,2013,0.9683512500000001
SEK Swedish Krona,2014,0.9029281666666668
SEK Swedish Krona,2015,0.7526777499999998
SEK Swedish Krona,2016,0.7436048333333334
SGD Singapore Dollar,1990,0.7806721666666666
SGD Singapore Dollar,1991,0.778778
SGD Singapore Dollar,1992,0.7348873333333333
SGD Singapore Dollar,1993,0.6795752500000001
SGD Singapore Dollar,1994,0.7315671666666667
SGD Singapore Dollar,1995,0.7410150833333332
SGD Singapore Dollar,1996,0.7827774999999999
SGD Singapore Dollar,1997,0.7435832499999999
SGD Singapore Dollar,1998,0.6296165833333333
SGD Singapore Dollar,1999,0.6455757500000001
SGD Singapore Dollar,2000,0.581784
SGD Singapore Dollar,2001,0.5176933333333333
SGD Singapore Dollar,2002,0.5437990833333334
SGD Singapore Dollar,2003,0.6515317500000001
SGD Singapore Dollar,2004,0.7367806666666668
SGD Singapore Dollar,2005,0.7625946666666668
SGD Singapore Dollar,2006,0.7533350833333334
SGD Singapore Dollar,2007,0.8383309166666667
SGD Singapore Dollar,2008,0.8533105833333335
SGD Singapore Dollar,2009,0.7913161666666667
SGD Singapore Dollar,2010,0.9194800833333333
SGD Singapore Dollar,2011,1.03337575
SGD Singapore Dollar,2012,1.0358475833333334
SGD Singapore Dollar,2013,0.9683512500000001
SGD Singapore Dollar,2014,0.9029281666666668
SGD Singapore Dollar,2015,0.7526777499999998
SGD Singapore Dollar,2016,0.7436048333333334
THB Thai Baht,1990,0.7806721666666666
THB Thai Baht,1991,0.778778
THB Thai Baht,1992,0.7348873333333333
THB Thai Baht,1993,0.6795752500000001
THB Thai Baht,1994,0.7315671666666667
THB Thai Baht,1995,0.7410150833333332
THB Thai Baht,1996,0.7827774999999999
THB Thai Baht,1997,0.7435832499999999
THB Thai Baht,1998,0.6296165833333333
THB Thai Baht,1999,0.6455757500000001
THB Thai Baht,2000,0.581784
THB Thai Baht,2001,0.5176933333333333
THB Thai Baht,2002,0.5437990833333334
THB Thai Baht,2003,0.6515317500000001
THB Thai Baht,2004,0.7367806666666668
THB Thai Baht,2005,0.7625946666666668
THB Thai Baht,2006,0.7533350833333334
THB Thai Baht,2007,0.8383309166666667
THB Thai Baht,2008,0.8533105833333335
THB Thai Baht,2009,0.7913161666666667
THB Thai Baht,2010,0.9194800833333333
THB Thai Baht,2011,1.03337575
THB Thai Baht,2012,1.0358475833333334
THB Thai Baht,2013,0.9683512500000001
THB Thai Baht,2014,0.9029281666666668
THB Thai Baht,2015,0.7526777499999998
THB Thai Baht,2016,0.7436048333333334
TOP Tonga Pa`anga,1990,0.7806721666666666
TOP Tonga Pa`anga,1991,0.778778
TOP Tonga Pa`anga,1992,0.7348873333333333
TOP Tonga Pa`anga,1993,0.6795752500000001
TOP Tonga Pa`anga,1994,0.7315671666666667
TOP Tonga Pa`anga,1995,0.7410150833333332
TOP Tonga Pa`anga,1996,0.7827774999999999
TOP Tonga Pa`anga,1997,0.7435832499999999
TOP Tonga Pa`anga,1998,0.6296165833333333
TOP Tonga Pa`anga,1999,0.6455757500000001
TOP Tonga Pa`anga,2000,0.581784
TOP Tonga Pa`anga,2001,0.5176933333333333
TOP Tonga Pa`anga,2002,0.5437990833333334
TOP Tonga Pa`anga,2003,0.6515317500000001
TOP Tonga Pa`anga,2004,0.7367806666666668
TOP Tonga Pa`anga,2005,0.7625946666666668
TOP Tonga Pa`anga,2006,0.7533350833333334
TOP Tonga Pa`anga,2007,0.8383309166666667
TOP Tonga Pa`anga,2008,0.8533105833333335
TOP Tonga Pa`anga,2009,0.7913161666666667
TOP Tonga Pa`anga,2010,0.9194800833333333
TOP Tonga Pa`anga,2011,1.03337575
TOP Tonga Pa`anga,2012,1.0358475833333334
TOP Tonga Pa`anga,2013,0.9683512500000001
TOP Tonga Pa`anga,2014,0.9029281666666668
TOP Tonga Pa`anga,2015,0.7526777499999998
TOP Tonga Pa`anga,2016,0.7436048333333334
TRY Turkish Lira,1990,0.7806721666666666
TRY Turkish Lira,1991,0.778778
TRY Turkish Lira,1992,0.7348873333333333
TRY Turkish Lira,1993,0.6795752500000001
TRY Turkish Lira,1994,0.7315671666666667
TRY Turkish Lira,1995,0.7410150833333332
TRY Turkish Lira,1996,0.7827774999999999
TRY Turkish Lira,1997,0.7435832499999999
TRY Turkish Lira,1998,0.6296165833333333
TRY Turkish Lira,1999,0.6455757500000001
TRY Turkish Lira,2000,0.581784
TRY Turkish Lira,2001,0.5176933333333333
TRY Turkish Lira,2002,0.5437990833333334
TRY Turkish Lira,2003,0.6515317500000001
TRY Turkish Lira,2004,0.7367806666666668
TRY Turkish Lira,2005,0.7625946666666668
TRY Turkish Lira,2006,0.7533350833333334
TRY Turkish Lira,2007,0.8383309166666667
TRY Turkish Lira,2008,0.8533105833333335
TRY Turkish Lira,2009,0.7913161666666667
TRY Turkish Lira,2010,0.9194800833333333
TRY Turkish Lira,2011,1.03337575
TRY Turkish Lira,2012,1.0358475833333334
TRY Turkish Lira,2013,0.9683512500000001
TRY Turkish Lira,2014,0.9029281666666668
TRY Turkish Lira,2015,0.7526777499999998
TRY Turkish Lira,2016,0.7436048333333334
TZS Tanzanian Shilling,1990,0.7806721666666666
TZS Tanzanian Shilling,1991,0.778778
TZS Tanzanian Shilling,1992,0.7348873333333333
TZS Tanzanian Shilling,1993,0.6795752500000001
TZS Tanzanian Shilling,1994,0.7315671666666667
TZS Tanzanian Shilling,1995,0.7410150833333332
TZS Tanzanian Shilling,1996,0.7827774999999999
TZS Tanzanian Shilling,1997,0.7435832499999999
TZS Tanzanian Shilling,1998,0.6296165833333333
TZS Tanzanian Shilling,1999,0.6455757500000001
TZS Tanzanian Shilling,2000,0.581784
TZS Tanzanian Shilling,2001,0.5176933333333333
TZS Tanzanian Shilling,2002,0.5437990833333334
TZS Tanzanian Shilling,2003,0.6515317500000001
TZS Tanzanian Shilling,2004,0.7367806666666668
TZS Tanzanian Shilling,2005,0.7625946666666668
TZS Tanzanian Shilling,2006,0.7533350833333334
TZS Tanzanian Shilling,2007,0.8383309166666667
TZS Tanzanian Shilling,2008,0.8533105833333335
TZS Tanzanian Shilling,2009,0.7913161666666667
TZS Tanzanian Shilling,2010,0.9194800833333333
TZS Tanzanian Shilling,2011,1.03337575
TZS Tanzanian Shilling,2012,1.0358475833333334
TZS Tanzanian Shilling,2013,0.9683512500000001
TZS Tanzanian Shilling,2014,0.9029281666666668
TZS Tanzanian Shilling,2015,0.7526777499999998
TZS Tanzanian Shilling,2016,0.7436048333333334
USD US Dollar,1990,0.7806721666666666
USD US Dollar,1991,0.778778
USD US Dollar,1992,0.7348873333333333
USD US Dollar,1993,0.6795752500000001
USD US Dollar,1994,0.7315671666666667
USD US Dollar,1995,0.7410150833333332
USD US Dollar,1996,0.7827774999999999
USD US Dollar,1997,0.7435832499999999
USD US Dollar,1998,0.6296165833333333
USD US Dollar,1999,0.6455757500000001
USD US Dollar,2000,0.581784
USD US Dollar,2001,0.5176933333333333
USD US Dollar,2002,0.5437990833333334
USD US Dollar,2003,0.6515317500000001
USD US Dollar,2004,0.7367806666666668
USD US Dollar,2005,0.7625946666666668
USD US Dollar,2006,0.7533350833333334
USD US Dollar,2007,0.8383309166666667
USD US Dollar,2008,0.8533105833333335
USD US Dollar,2009,0.7913161666666667
USD US Dollar,2010,0.9194800833333333
USD US Dollar,2011,1.03337575
USD US Dollar,2012,1.0358475833333334
USD US Dollar,2013,0.9683512500000001
USD US Dollar,2014,0.9029281666666668
USD US Dollar,2015,0.7526777499999998
USD US Dollar,2016,0.7436048333333334
VND Vietnamese Dong,1990,0.7806721666666666
VND Vietnamese Dong,1991,0.778778
VND Vietnamese Dong,1992,0.7348873333333333
VND Vietnamese Dong,1993,0.6795752500000001
VND Vietnamese Dong,1994,0.7315671666666667
VND Vietnamese Dong,1995,0.7410150833333332
VND Vietnamese Dong,1996,0.7827774999999999
VND Vietnamese Dong,1997,0.7435832499999999
VND Vietnamese Dong,1998,0.6296165833333333
VND Vietnamese Dong,1999,0.6455757500000001
VND Vietnamese Dong,2000,0.581784
VND Vietnamese Dong,2001,0.5176933333333333
VND Vietnamese Dong,2002,0.5437990833333334
VND Vietnamese Dong,2003,0.6515317500000001
VND Vietnamese Dong,2004,0.7367806666666668
VND Vietnamese Dong,2005,0.7625946666666668
VND Vietnamese Dong,2006,0.7533350833333334
VND Vietnamese Dong,2007,0.8383309166666667
VND Vietnamese Dong,2008,0.8533105833333335
VND Vietnamese Dong,2009,0.7913161666666667
VND Vietnamese Dong,2010,0.9194800833333333
VND Vietnamese Dong,2011,1.03337575
VND Vietnamese Dong,2012,1.0358475833333334
VND Vietnamese Dong,2013,0.9683512500000001
VND Vietnamese Dong,2014,0.9029281666666668
VND Vietnamese Dong,2015,0.7526777499999998
VND Vietnamese Dong,2016,0.7436048333333334
VUV Vanuatu Vatu,1990,0.7806721666666666
VUV Vanuatu Vatu,1991,0.778778
VUV Vanuatu Vatu,1992,0.7348873333333333
VUV Vanuatu Vatu,1993,0.6795752500000001
VUV Vanuatu Vatu,1994,0.7315671666666667
VUV Vanuatu Vatu,1995,0.7410150833333332
VUV Vanuatu Vatu,1996,0.7827774999999999
VUV Vanuatu Vatu,1997,0.7435832499999999
VUV Vanuatu Vatu,1998,0.6296165833333333
VUV Vanuatu Vatu,1999,0.6455757500000001
VUV Vanuatu Vatu,2000,0.581784
VUV Vanuatu Vatu,2001,0.5176933333333333
VUV Vanuatu Vatu,2002,0.5437990833333334
VUV Vanuatu Vatu,2003,0.6515317500000001
VUV Vanuatu Vatu,2004,0.7367806666666668
VUV Vanuatu Vatu,2005,0.7625946666666668
VUV Vanuatu Vatu,2006,0.7533350833333334
VUV Vanuatu Vatu,2007,0.8383309166666667
VUV Vanuatu Vatu,2008,0.8533105833333335
VUV Vanuatu Vatu,2009,0.7913161666666667
VUV Vanuatu Vatu,2010,0.9194800833333333
VUV Vanuatu Vatu,2011,1.03337575
VUV Vanuatu Vatu,2012,1.0358475833333334
VUV Vanuatu Vatu,2013,0.9683512500000001
VUV Vanuatu Vatu,2014,0.9029281666666668
VUV Vanuatu Vatu,2015,0.7526777499999998
VUV Vanuatu Vatu,2016,0.7436048333333334
WST Samoa Tala,1990,0.7806721666666666
WST Samoa Tala,1991,0.778778
WST Samoa Tala,1992,0.7348873333333333
WST Samoa Tala,1993,0.6795752500000001
WST Samoa Tala,1994,0.7315671666666667
WST Samoa Tala,1995,0.7410150833333332
WST Samoa Tala,1996,0.7827774999999999
WST Samoa Tala,1997,0.7435832499999999
WST Samoa Tala,1998,0.6296165833333333
WST Samoa Tala,1999,0.6455757500000001
WST Samoa Tala,2000,0.581784
WST Samoa Tala,2001,0.5176933333333333
WST Samoa Tala,2002,0.5437990833333334
WST Samoa Tala,2003,0.6515317500000001
WST Samoa Tala,2004,0.7367806666666668
WST Samoa Tala,2005,0.7625946666666668
WST Samoa Tala,2006,0.7533350833333334
WST Samoa Tala,2007,0.8383309166666667
WST Samoa Tala,2008,0.8533105833333335
WST Samoa Tala,2009,0.7913161666666667
WST Samoa Tala,2010,0.9194800833333333
WST Samoa Tala,2011,1.03337575
WST Samoa Tala,2012,1.0358475833333334
WST Samoa Tala,2013,0.9683512500000001
WST Samoa Tala,2014,0.9029281666666668
WST Samoa Tala,2015,0.7526777499999998
WST Samoa Tala,2016,0.7436048333333334
XOF CFA Franc (BCEAO),1990,0.7806721666666666
XOF CFA Franc (BCEAO),1991,0.778778
XOF CFA Franc (BCEAO),1992,0.7348873333333333
XOF CFA Franc (BCEAO),1993,0.6795752500000001
XOF CFA Franc (BCEAO),1994,0.7315671666666667
XOF CFA Franc (BCEAO),1995,0.7410150833333332
XOF CFA Franc (BCEAO),1996,0.7827774999999999
XOF CFA Franc (BCEAO),1997,0.7435832499999999
XOF CFA Franc (BCEAO),1998,0.6296165833333333
XOF CFA Franc (BCEAO),1999,0.6455757500000001
XOF CFA Franc (BCEAO),2000,0.581784
XOF CFA Franc (BCEAO),2001,0.5176933333333333
XOF CFA Franc (BCEAO),2002,0.5437990833333334
XOF CFA Franc (BCEAO),2003,0.6515317500000001
XOF CFA Franc (BCEAO),2004,0.7367806666666668
XOF CFA Franc (BCEAO),2005,0.7625946666666668
XOF CFA Franc (BCEAO),2006,0.7533350833333334
XOF CFA Franc (BCEAO),2007,0.8383309166666667
XOF CFA Franc (BCEAO),2008,0.8533105833333335
XOF CFA Franc (BCEAO),2009,0.7913161666666667
XOF CFA Franc (BCEAO),2010,0.9194800833333333
XOF CFA Franc (BCEAO),2011,1.03337575
XOF CFA Franc (BCEAO),2012,1.0358475833333334
XOF CFA Franc (BCEAO),2013,0.9683512500000001
XOF CFA Franc (BCEAO),2014,0.9029281666666668
XOF CFA Franc (BCEAO),2015,0.7526777499999998
XOF CFA Franc (BCEAO),2016,0.7436048333333334
XPF Pacific Franc,1990,0.7806721666666666
XPF Pacific Franc,1991,0.778778
XPF Pacific Franc,1992,0.7348873333333333
XPF Pacific Franc,1993,0.6795752500000001
XPF Pacific Franc,1994,0.7315671666666667
XPF Pacific Franc,1995,0.7410150833333332
XPF Pacific Franc,1996,0.7827774999999999
XPF Pacific Franc,1997,0.7435832499999999
XPF Pacific Franc,1998,0.6296165833333333
XPF Pacific Franc,1999,0.6455757500000001
XPF Pacific Franc,2000,0.581784
XPF Pacific Franc,2001,0.5176933333333333
XPF Pacific Franc,2002,0.5437990833333334
XPF Pacific Franc,2003,0.6515317500000001
XPF Pacific Franc,2004,0.7367806666666668
XPF Pacific Franc,2005,0.7625946666666668
XPF Pacific Franc,2006,0.7533350833333334
XPF Pacific Franc,2007,0.8383309166666667
XPF Pacific Franc,2008,0.8533105833333335
XPF Pacific Franc,2009,0.7913161666666667
XPF Pacific Franc,2010,0.9194800833333333
XPF Pacific Franc,2011,1.03337575
XPF Pacific Franc,2012,1.0358475833333334
XPF Pacific Franc,2013,0.9683512500000001
XPF Pacific Franc,2014,0.9029281666666668
ZAR South African Rand,1990,0.7806721666666666
ZAR South African Rand,1991,0.778778
ZAR South African Rand,1992,0.7348873333333333
ZAR South African Rand,1993,0.6795752500000001
ZAR South African Rand,1994,0.7315671666666667
ZAR South African Rand,1995,0.7410150833333332
ZAR South African Rand,1996,0.7827774999999999
ZAR South African Rand,1997,0.7435832499999999
ZAR South African Rand,1998,0.6296165833333333
ZAR South African Rand,1999,0.6455757500000001
ZAR South African Rand,2000,0.581784
ZAR South African Rand,2001,0.5176933333333333
ZAR South African Rand,2002,0.5437990833333334
ZAR South African Rand,2003,0.6515317500000001
ZAR South African Rand,2004,0.7367806666666668
ZAR South African Rand,2005,0.7625946666666668
ZAR South African Rand,2006,0.7533350833333334
ZAR South African Rand,2007,0.8383309166666667
ZAR South African Rand,2008,0.8533105833333335
ZAR South African Rand,2009,0.7913161666666667
ZAR South African Rand,2010,0.9194800833333333
ZAR South African Rand,2011,1.03337575
ZAR South African Rand,2012,1.0358475833333334
ZAR South African Rand,2013,0.9683512500000001
ZAR South African Rand,2014,0.9029281666666668
ZAR South African Rand,2015,0.7526777499999998
ZAR South African Rand,2016,0.7436048333333334
